[{"order":"1","subid":"{{st1}}_1","dirtype":"","filetype":"view.html","filename":"word.html","fileparams":"","playtime":"0","playparams":"","playhint":"","synchro":"","model_pc":{"htmlmodel":"templet_common","jsparam":[{"classname":"title","source":"templet","code_id":"des77_1"},{"classname":"subtitle","source":"templet","code_id":"des77_2"},{"classname":"content","source":"content","code_id":"value"}]},"model_mobile":{"htmlmodel":"templet_common","jsparam":[{"classname":"dropdown_title","source":"templet","code_id":"des77_1"},{"classname":"dropdown_subtitle","source":"templet","code_id":"des77_2"},{"classname":"content","source":"content","code_id":"value"}]},"Extendedfield1":"","Extendedfield2":"","Extendedfield3":"","Extendedfield4":""},
{"order":"2","subid":"{{st1}}_1","dirtype":"templet","filetype":"file.audio","filename":"1_desc.mp3","fileparams":"","playtime":"0","playparams":"","playhint":"","synchro":"","model_pc":{},"model_mobile":{},"Extendedfield1":"","Extendedfield2":"","Extendedfield3":"","Extendedfield4":""},
{"order":"3","subid":"{{st1}}_1","dirtype":"content","filetype":"file.audio","filename":"content.mp3","fileparams":"","playtime":"0","playparams":"","playhint":"播放录音","synchro":"","model_pc":{},"model_mobile":{},"Extendedfield1":"","Extendedfield2":"","Extendedfield3":"","Extendedfield4":""},
{"order":"4","subid":"{{st1}}_1","dirtype":"templet","filetype":"file.audio","filename":"1_desc_1.mp3","fileparams":"","playtime":"0","playparams":"","playhint":"","synchro":"","model_pc":{},"model_mobile":{},"Extendedfield1":"","Extendedfield2":"","Extendedfield3":"","Extendedfield4":""},
{"order":"5","subid":"{{st1}}_1","dirtype":"","filetype":"wait","filename":"","fileparams":"","playtime":"50","playparams":"","playhint":"准备朗读","synchro":"","model_pc":{},"model_mobile":{},"Extendedfield1":"","Extendedfield2":"","Extendedfield3":"","Extendedfield4":""},
{"order":"6","subid":"{{st1}}_1","dirtype":"templet","filetype":"file.audio","filename":"start.mp3","fileparams":"","playtime":"0","playparams":"","playhint":"提示音","synchro":"","model_pc":{},"model_mobile":{},"Extendedfield1":"","Extendedfield2":"","Extendedfield3":"","Extendedfield4":""},
{"order":"7","subid":"{{st1}}_1","dirtype":"","filetype":"action.record","filename":"{{st1}}_1","fileparams":"","playtime":"60","playparams":"","playhint":"开始录音","synchro":"","model_pc":{},"model_mobile":{},"Extendedfield1":"","Extendedfield2":"","Extendedfield3":"","Extendedfield4":""},
{"order":"8","subid":"{{st1}}_1","dirtype":"templet","filetype":"file.audio","filename":"stop.mp3","fileparams":"","playtime":"0","playparams":"","playhint":"停止录音","synchro":"","model_pc":{},"model_mobile":{},"Extendedfield1":"","Extendedfield2":"","Extendedfield3":"","Extendedfield4":""},
{"order":"9","subid":"{{st2}}_0","dirtype":"","filetype":"view.html","filename":"begin.html","fileparams":"","playtime":"0","playparams":"","playhint":"","synchro":"","model_pc":{"htmlmodel":"templet_common","jsparam":[{"classname":"title","source":"templet","code_id":"des78_1"},{"classname":"subtitle","source":"templet","code_id":"des78_2"},{"classname":"description","source":"templet","code_id":"des78_3"}]},"model_mobile":{"htmlmodel":"templet_common","jsparam":[{"classname":"title","source":"templet","code_id":"des78_1"},{"classname":"subtitle","source":"templet","code_id":"des78_2"},{"classname":"description","source":"templet","code_id":"des78_3"}]},"Extendedfield1":"","Extendedfield2":"","Extendedfield3":"","Extendedfield4":""},
{"order":"10","subid":"{{st2}}_0","dirtype":"templet","filetype":"file.audio","filename":"2_desc.mp3","fileparams":"","playtime":"0","playparams":"","playhint":"正在播放信息...","synchro":"","model_pc":{},"model_mobile":{},"Extendedfield1":"","Extendedfield2":"","Extendedfield3":"","Extendedfield4":""},
{"order":"11","subid":"{{st2}}_0","dirtype":"","filetype":"view.html","filename":"word1.html","fileparams":"","playtime":"0","playparams":"","playhint":"","synchro":"","model_pc":{"htmlmodel":"templet_common","jsparam":[{"classname":"title","source":"templet","code_id":"des78_1"},{"classname":"subtitle","source":"templet","code_id":"des78_2"},{"classname":"description","source":"templet","code_id":"des78_3"},{"classname":"hint","source":"templet","code_id":"des78_4"},{"classname":"content","source":"content","code_id":"askall"}]},"model_mobile":{"htmlmodel":"templet_common","jsparam":[{"classname":"dropdown_title","source":"templet","code_id":"des78_1"},{"classname":"dropdown_subtitle","source":"templet","code_id":"des78_2"},{"classname":"dropdown_description","source":"templet","code_id":"des78_3"},{"classname":"hint","source":"templet","code_id":"des78_4"},{"classname":"content","source":"content","code_id":"askall"}]},"Extendedfield1":"","Extendedfield2":"","Extendedfield3":"","Extendedfield4":""},
{"order":"12","subid":"{{st2}}_0","dirtype":"templet","filetype":"file.audio","filename":"2_12_desc.mp3","fileparams":"","playtime":"0","playparams":"","playhint":"题目说明","synchro":"","model_pc":{},"model_mobile":{},"Extendedfield1":"","Extendedfield2":"","Extendedfield3":"","Extendedfield4":""},
{"order":"13","subid":"{{st2}}_0","dirtype":"","filetype":"wait","filename":"","fileparams":"","playtime":"10","playparams":"","playhint":"阅题","synchro":"","model_pc":{},"model_mobile":{},"Extendedfield1":"","Extendedfield2":"","Extendedfield3":"","Extendedfield4":""},
{"order":"14","subid":"{{st2}}_0","dirtype":"content","filetype":"file.audio","filename":"content.mp3","fileparams":"","playtime":"0","playparams":"","playhint":"正在播放信息...","synchro":"","model_pc":{},"model_mobile":{},"Extendedfield1":"","Extendedfield2":"","Extendedfield3":"","Extendedfield4":""},
{"order":"15","subid":"{{st2}}_0","dirtype":"content","filetype":"file.audio","filename":"content.mp3","fileparams":"","playtime":"0","playparams":"","playhint":"再一遍播放信息...","synchro":"","model_pc":{},"model_mobile":{},"Extendedfield1":"","Extendedfield2":"","Extendedfield3":"","Extendedfield4":""},
{"order":"16","subid":"{{st2}}_1","dirtype":"","filetype":"view.html","filename":"word.html","fileparams":"","playtime":"0","playparams":"","playhint":"","synchro":"","model_pc":{"htmlmodel":"templet_common","jsparam":[{"classname":"content","source":"content","code_id":"ask1"}]},"model_mobile":{"htmlmodel":"templet_common","jsparam":[{"classname":"content","source":"content","code_id":"ask1"}]},"Extendedfield1":"","Extendedfield2":"","Extendedfield3":"","Extendedfield4":""},
{"order":"17","subid":"{{st2}}_1","dirtype":"content","filetype":"file.audio","filename":"ques1askaudio.mp3","fileparams":"","playtime":"0","playparams":"","playhint":"第1小题...","synchro":"","model_pc":{},"model_mobile":{},"Extendedfield1":"","Extendedfield2":"","Extendedfield3":"","Extendedfield4":""},
{"order":"18","subid":"{{st2}}_1","dirtype":"content","filetype":"file.audio","filename":"ques1askaudio.mp3","fileparams":"","playtime":"0","playparams":"","playhint":"第1小题...","synchro":"","model_pc":{},"model_mobile":{},"Extendedfield1":"","Extendedfield2":"","Extendedfield3":"","Extendedfield4":""},
{"order":"19","subid":"{{st2}}_1","dirtype":"templet","filetype":"file.audio","filename":"start.mp3","fileparams":"","playtime":"0","playparams":"","playhint":"提示音","synchro":"","model_pc":{},"model_mobile":{},"Extendedfield1":"","Extendedfield2":"","Extendedfield3":"","Extendedfield4":""},
{"order":"20","subid":"{{st2}}_1","dirtype":"","filetype":"action.record","filename":"{{st2}}_1","fileparams":"","playtime":"8","playparams":"","playhint":"开始录音","synchro":"","model_pc":{},"model_mobile":{},"Extendedfield1":"","Extendedfield2":"","Extendedfield3":"","Extendedfield4":""},
{"order":"21","subid":"{{st2}}_1","dirtype":"templet","filetype":"file.audio","filename":"stop.mp3","fileparams":"","playtime":"0","playparams":"","playhint":"停止录音","synchro":"","model_pc":{},"model_mobile":{},"Extendedfield1":"","Extendedfield2":"","Extendedfield3":"","Extendedfield4":""},
{"order":"22","subid":"{{st2}}_2","dirtype":"","filetype":"view.html","filename":"word.html","fileparams":"","playtime":"0","playparams":"","playhint":"","synchro":"","model_pc":{"htmlmodel":"templet_common","jsparam":[{"classname":"content","source":"content","code_id":"ask2"}]},"model_mobile":{"htmlmodel":"templet_common","jsparam":[{"classname":"content","source":"content","code_id":"ask2"}]},"Extendedfield1":"","Extendedfield2":"","Extendedfield3":"","Extendedfield4":""},
{"order":"23","subid":"{{st2}}_2","dirtype":"content","filetype":"file.audio","filename":"ques2askaudio.mp3","fileparams":"","playtime":"0","playparams":"","playhint":"第2小题...","synchro":"","model_pc":{},"model_mobile":{},"Extendedfield1":"","Extendedfield2":"","Extendedfield3":"","Extendedfield4":""},
{"order":"24","subid":"{{st2}}_2","dirtype":"content","filetype":"file.audio","filename":"ques2askaudio.mp3","fileparams":"","playtime":"0","playparams":"","playhint":"第2小题...","synchro":"","model_pc":{},"model_mobile":{},"Extendedfield1":"","Extendedfield2":"","Extendedfield3":"","Extendedfield4":""},
{"order":"25","subid":"{{st2}}_2","dirtype":"templet","filetype":"file.audio","filename":"start.mp3","fileparams":"","playtime":"0","playparams":"","playhint":"提示音","synchro":"","model_pc":{},"model_mobile":{},"Extendedfield1":"","Extendedfield2":"","Extendedfield3":"","Extendedfield4":""},
{"order":"26","subid":"{{st2}}_2","dirtype":"","filetype":"action.record","filename":"{{st2}}_2","fileparams":"","playtime":"8","playparams":"","playhint":"开始录音","synchro":"","model_pc":{},"model_mobile":{},"Extendedfield1":"","Extendedfield2":"","Extendedfield3":"","Extendedfield4":""},
{"order":"27","subid":"{{st2}}_2","dirtype":"templet","filetype":"file.audio","filename":"stop.mp3","fileparams":"","playtime":"0","playparams":"","playhint":"停止录音","synchro":"","model_pc":{},"model_mobile":{},"Extendedfield1":"","Extendedfield2":"","Extendedfield3":"","Extendedfield4":""},
{"order":"28","subid":"{{st3}}_0","dirtype":"","filetype":"view.html","filename":"word1.html","fileparams":"","playtime":"0","playparams":"","playhint":"","synchro":"","model_pc":{"htmlmodel":"templet_common","jsparam":[{"classname":"title","source":"templet","code_id":"des78_1"},{"classname":"subtitle","source":"templet","code_id":"des78_2"},{"classname":"description","source":"templet","code_id":"des78_3"},{"classname":"hint","source":"templet","code_id":"des78_5"},{"classname":"content","source":"content","code_id":"askall"}]},"model_mobile":{"htmlmodel":"templet_common","jsparam":[{"classname":"dropdown_title","source":"templet","code_id":"des78_1"},{"classname":"dropdown_subtitle","source":"templet","code_id":"des78_2"},{"classname":"dropdown_description","source":"templet","code_id":"des78_3"},{"classname":"hint","source":"templet","code_id":"des78_5"},{"classname":"content","source":"content","code_id":"askall"}]},"Extendedfield1":"","Extendedfield2":"","Extendedfield3":"","Extendedfield4":""},
{"order":"29","subid":"{{st3}}_0","dirtype":"templet","filetype":"file.audio","filename":"2_34_desc.mp3","fileparams":"","playtime":"0","playparams":"","playhint":"题目说明","synchro":"","model_pc":{},"model_mobile":{},"Extendedfield1":"","Extendedfield2":"","Extendedfield3":"","Extendedfield4":""},
{"order":"30","subid":"{{st3}}_0","dirtype":"","filetype":"wait","filename":"","fileparams":"","playtime":"10","playparams":"","playhint":"阅题","synchro":"","model_pc":{},"model_mobile":{},"Extendedfield1":"","Extendedfield2":"","Extendedfield3":"","Extendedfield4":""},
{"order":"31","subid":"{{st3}}_0","dirtype":"content","filetype":"file.audio","filename":"content.mp3","fileparams":"","playtime":"0","playparams":"","playhint":"正在播放信息...","synchro":"","model_pc":{},"model_mobile":{},"Extendedfield1":"","Extendedfield2":"","Extendedfield3":"","Extendedfield4":""},
{"order":"32","subid":"{{st3}}_0","dirtype":"content","filetype":"file.audio","filename":"content.mp3","fileparams":"","playtime":"0","playparams":"","playhint":"再一遍播放信息...","synchro":"","model_pc":{},"model_mobile":{},"Extendedfield1":"","Extendedfield2":"","Extendedfield3":"","Extendedfield4":""},
{"order":"33","subid":"{{st3}}_1","dirtype":"","filetype":"view.html","filename":"word.html","fileparams":"","playtime":"0","playparams":"","playhint":"","synchro":"","model_pc":{"htmlmodel":"templet_common","jsparam":[{"classname":"content","source":"content","code_id":"ask1"}]},"model_mobile":{"htmlmodel":"templet_common","jsparam":[{"classname":"content","source":"content","code_id":"ask1"}]},"Extendedfield1":"","Extendedfield2":"","Extendedfield3":"","Extendedfield4":""},
{"order":"34","subid":"{{st3}}_1","dirtype":"content","filetype":"file.audio","filename":"ques1askaudio.mp3","fileparams":"","playtime":"0","playparams":"","playhint":"第1小题...","synchro":"","model_pc":{},"model_mobile":{},"Extendedfield1":"","Extendedfield2":"","Extendedfield3":"","Extendedfield4":""},
{"order":"35","subid":"{{st3}}_1","dirtype":"content","filetype":"file.audio","filename":"ques1askaudio.mp3","fileparams":"","playtime":"0","playparams":"","playhint":"第1小题...","synchro":"","model_pc":{},"model_mobile":{},"Extendedfield1":"","Extendedfield2":"","Extendedfield3":"","Extendedfield4":""},
{"order":"36","subid":"{{st3}}_1","dirtype":"templet","filetype":"file.audio","filename":"start.mp3","fileparams":"","playtime":"0","playparams":"","playhint":"提示音","synchro":"","model_pc":{},"model_mobile":{},"Extendedfield1":"","Extendedfield2":"","Extendedfield3":"","Extendedfield4":""},
{"order":"37","subid":"{{st3}}_1","dirtype":"","filetype":"action.record","filename":"{{st3}}_1","fileparams":"","playtime":"8","playparams":"","playhint":"开始录音","synchro":"","model_pc":{},"model_mobile":{},"Extendedfield1":"","Extendedfield2":"","Extendedfield3":"","Extendedfield4":""},
{"order":"38","subid":"{{st3}}_1","dirtype":"templet","filetype":"file.audio","filename":"stop.mp3","fileparams":"","playtime":"0","playparams":"","playhint":"停止录音","synchro":"","model_pc":{},"model_mobile":{},"Extendedfield1":"","Extendedfield2":"","Extendedfield3":"","Extendedfield4":""},
{"order":"39","subid":"{{st3}}_2","dirtype":"","filetype":"view.html","filename":"word.html","fileparams":"","playtime":"0","playparams":"","playhint":"","synchro":"","model_pc":{"htmlmodel":"templet_common","jsparam":[{"classname":"content","source":"content","code_id":"ask2"}]},"model_mobile":{"htmlmodel":"templet_common","jsparam":[{"classname":"content","source":"content","code_id":"ask2"}]},"Extendedfield1":"","Extendedfield2":"","Extendedfield3":"","Extendedfield4":""},
{"order":"40","subid":"{{st3}}_2","dirtype":"content","filetype":"file.audio","filename":"ques2askaudio.mp3","fileparams":"","playtime":"0","playparams":"","playhint":"第2小题...","synchro":"","model_pc":{},"model_mobile":{},"Extendedfield1":"","Extendedfield2":"","Extendedfield3":"","Extendedfield4":""},
{"order":"41","subid":"{{st3}}_2","dirtype":"content","filetype":"file.audio","filename":"ques2askaudio.mp3","fileparams":"","playtime":"0","playparams":"","playhint":"第2小题...","synchro":"","model_pc":{},"model_mobile":{},"Extendedfield1":"","Extendedfield2":"","Extendedfield3":"","Extendedfield4":""},
{"order":"42","subid":"{{st3}}_2","dirtype":"templet","filetype":"file.audio","filename":"start.mp3","fileparams":"","playtime":"0","playparams":"","playhint":"提示音","synchro":"","model_pc":{},"model_mobile":{},"Extendedfield1":"","Extendedfield2":"","Extendedfield3":"","Extendedfield4":""},
{"order":"43","subid":"{{st3}}_2","dirtype":"","filetype":"action.record","filename":"{{st3}}_2","fileparams":"","playtime":"8","playparams":"","playhint":"开始录音","synchro":"","model_pc":{},"model_mobile":{},"Extendedfield1":"","Extendedfield2":"","Extendedfield3":"","Extendedfield4":""},
{"order":"44","subid":"{{st3}}_2","dirtype":"templet","filetype":"file.audio","filename":"stop.mp3","fileparams":"","playtime":"0","playparams":"","playhint":"停止录音","synchro":"","model_pc":{},"model_mobile":{},"Extendedfield1":"","Extendedfield2":"","Extendedfield3":"","Extendedfield4":""},
{"order":"45","subid":"{{st4}}_0","dirtype":"","filetype":"view.html","filename":"word1.html","fileparams":"","playtime":"0","playparams":"","playhint":"","synchro":"","model_pc":{"htmlmodel":"templet_common","jsparam":[{"classname":"title","source":"templet","code_id":"des78_1"},{"classname":"subtitle","source":"templet","code_id":"des78_2"},{"classname":"description","source":"templet","code_id":"des78_3"},{"classname":"hint","source":"templet","code_id":"des78_6"},{"classname":"content","source":"content","code_id":"askall"}]},"model_mobile":{"htmlmodel":"templet_common","jsparam":[{"classname":"dropdown_title","source":"templet","code_id":"des78_1"},{"classname":"dropdown_subtitle","source":"templet","code_id":"des78_2"},{"classname":"dropdown_description","source":"templet","code_id":"des78_3"},{"classname":"hint","source":"templet","code_id":"des78_6"},{"classname":"content","source":"content","code_id":"askall"}]},"Extendedfield1":"","Extendedfield2":"","Extendedfield3":"","Extendedfield4":""},
{"order":"46","subid":"{{st4}}_0","dirtype":"templet","filetype":"file.audio","filename":"2_56_desc.mp3","fileparams":"","playtime":"0","playparams":"","playhint":"题目说明","synchro":"","model_pc":{},"model_mobile":{},"Extendedfield1":"","Extendedfield2":"","Extendedfield3":"","Extendedfield4":""},
{"order":"47","subid":"{{st4}}_0","dirtype":"","filetype":"wait","filename":"","fileparams":"","playtime":"10","playparams":"","playhint":"阅题","synchro":"","model_pc":{},"model_mobile":{},"Extendedfield1":"","Extendedfield2":"","Extendedfield3":"","Extendedfield4":""},
{"order":"48","subid":"{{st4}}_0","dirtype":"content","filetype":"file.audio","filename":"content.mp3","fileparams":"","playtime":"0","playparams":"","playhint":"正在播放信息...","synchro":"","model_pc":{},"model_mobile":{},"Extendedfield1":"","Extendedfield2":"","Extendedfield3":"","Extendedfield4":""},
{"order":"49","subid":"{{st4}}_0","dirtype":"content","filetype":"file.audio","filename":"content.mp3","fileparams":"","playtime":"0","playparams":"","playhint":"再一遍播放信息...","synchro":"","model_pc":{},"model_mobile":{},"Extendedfield1":"","Extendedfield2":"","Extendedfield3":"","Extendedfield4":""},
{"order":"50","subid":"{{st4}}_1","dirtype":"","filetype":"view.html","filename":"word.html","fileparams":"","playtime":"0","playparams":"","playhint":"","synchro":"","model_pc":{"htmlmodel":"templet_common","jsparam":[{"classname":"content","source":"content","code_id":"ask1"}]},"model_mobile":{"htmlmodel":"templet_common","jsparam":[{"classname":"content","source":"content","code_id":"ask1"}]},"Extendedfield1":"","Extendedfield2":"","Extendedfield3":"","Extendedfield4":""},
{"order":"51","subid":"{{st4}}_1","dirtype":"content","filetype":"file.audio","filename":"ques1askaudio.mp3","fileparams":"","playtime":"0","playparams":"","playhint":"第1小题...","synchro":"","model_pc":{},"model_mobile":{},"Extendedfield1":"","Extendedfield2":"","Extendedfield3":"","Extendedfield4":""},
{"order":"52","subid":"{{st4}}_1","dirtype":"content","filetype":"file.audio","filename":"ques1askaudio.mp3","fileparams":"","playtime":"0","playparams":"","playhint":"第1小题...","synchro":"","model_pc":{},"model_mobile":{},"Extendedfield1":"","Extendedfield2":"","Extendedfield3":"","Extendedfield4":""},
{"order":"53","subid":"{{st4}}_1","dirtype":"templet","filetype":"file.audio","filename":"start.mp3","fileparams":"","playtime":"0","playparams":"","playhint":"提示音","synchro":"","model_pc":{},"model_mobile":{},"Extendedfield1":"","Extendedfield2":"","Extendedfield3":"","Extendedfield4":""},
{"order":"54","subid":"{{st4}}_1","dirtype":"","filetype":"action.record","filename":"{{st4}}_1","fileparams":"","playtime":"8","playparams":"","playhint":"开始录音","synchro":"","model_pc":{},"model_mobile":{},"Extendedfield1":"","Extendedfield2":"","Extendedfield3":"","Extendedfield4":""},
{"order":"55","subid":"{{st4}}_1","dirtype":"templet","filetype":"file.audio","filename":"stop.mp3","fileparams":"","playtime":"0","playparams":"","playhint":"停止录音","synchro":"","model_pc":{},"model_mobile":{},"Extendedfield1":"","Extendedfield2":"","Extendedfield3":"","Extendedfield4":""},
{"order":"56","subid":"{{st4}}_2","dirtype":"","filetype":"view.html","filename":"word.html","fileparams":"","playtime":"0","playparams":"","playhint":"","synchro":"","model_pc":{"htmlmodel":"templet_common","jsparam":[{"classname":"content","source":"content","code_id":"ask2"}]},"model_mobile":{"htmlmodel":"templet_common","jsparam":[{"classname":"content","source":"content","code_id":"ask2"}]},"Extendedfield1":"","Extendedfield2":"","Extendedfield3":"","Extendedfield4":""},
{"order":"57","subid":"{{st4}}_2","dirtype":"content","filetype":"file.audio","filename":"ques2askaudio.mp3","fileparams":"","playtime":"0","playparams":"","playhint":"第2小题...","synchro":"","model_pc":{},"model_mobile":{},"Extendedfield1":"","Extendedfield2":"","Extendedfield3":"","Extendedfield4":""},
{"order":"58","subid":"{{st4}}_2","dirtype":"content","filetype":"file.audio","filename":"ques2askaudio.mp3","fileparams":"","playtime":"0","playparams":"","playhint":"第2小题...","synchro":"","model_pc":{},"model_mobile":{},"Extendedfield1":"","Extendedfield2":"","Extendedfield3":"","Extendedfield4":""},
{"order":"59","subid":"{{st4}}_2","dirtype":"templet","filetype":"file.audio","filename":"start.mp3","fileparams":"","playtime":"0","playparams":"","playhint":"提示音","synchro":"","model_pc":{},"model_mobile":{},"Extendedfield1":"","Extendedfield2":"","Extendedfield3":"","Extendedfield4":""},
{"order":"60","subid":"{{st4}}_2","dirtype":"","filetype":"action.record","filename":"{{st4}}_2","fileparams":"","playtime":"8","playparams":"","playhint":"开始录音","synchro":"","model_pc":{},"model_mobile":{},"Extendedfield1":"","Extendedfield2":"","Extendedfield3":"","Extendedfield4":""},
{"order":"61","subid":"{{st4}}_2","dirtype":"templet","filetype":"file.audio","filename":"stop.mp3","fileparams":"","playtime":"0","playparams":"","playhint":"停止录音","synchro":"","model_pc":{},"model_mobile":{},"Extendedfield1":"","Extendedfield2":"","Extendedfield3":"","Extendedfield4":""},
{"order":"62","subid":"{{st5}}_0","dirtype":"","filetype":"view.html","filename":"word1.html","fileparams":"","playtime":"0","playparams":"","playhint":"","synchro":"","model_pc":{"htmlmodel":"templet_common","jsparam":[{"classname":"title","source":"templet","code_id":"des78_1"},{"classname":"subtitle","source":"templet","code_id":"des79_1"},{"classname":"description","source":"templet","code_id":"des79_2"},{"classname":"hint","source":"templet","code_id":"des79_3"},{"classname":"content","source":"content","code_id":"askall"}]},"model_mobile":{"htmlmodel":"templet_common","jsparam":[{"classname":"dropdown_title","source":"templet","code_id":"des78_1"},{"classname":"dropdown_subtitle","source":"templet","code_id":"des79_1"},{"classname":"dropdown_description","source":"templet","code_id":"des79_2"},{"classname":"hint","source":"templet","code_id":"des79_3"},{"classname":"content","source":"content","code_id":"askall"}]},"Extendedfield1":"","Extendedfield2":"","Extendedfield3":"","Extendedfield4":""},
{"order":"63","subid":"{{st5}}_0","dirtype":"templet","filetype":"file.audio","filename":"2_78910_desc.mp3","fileparams":"","playtime":"0","playparams":"","playhint":"题目说明","synchro":"","model_pc":{},"model_mobile":{},"Extendedfield1":"","Extendedfield2":"","Extendedfield3":"","Extendedfield4":""},
{"order":"64","subid":"{{st5}}_0","dirtype":"","filetype":"wait","filename":"","fileparams":"","playtime":"15","playparams":"","playhint":"阅题","synchro":"","model_pc":{},"model_mobile":{},"Extendedfield1":"","Extendedfield2":"","Extendedfield3":"","Extendedfield4":""},
{"order":"65","subid":"{{st5}}_0","dirtype":"content","filetype":"file.audio","filename":"content.mp3","fileparams":"","playtime":"0","playparams":"","playhint":"正在播放信息...","synchro":"","model_pc":{},"model_mobile":{},"Extendedfield1":"","Extendedfield2":"","Extendedfield3":"","Extendedfield4":""},
{"order":"66","subid":"{{st5}}_0","dirtype":"content","filetype":"file.audio","filename":"content.mp3","fileparams":"","playtime":"0","playparams":"","playhint":"再一遍播放信息...","synchro":"","model_pc":{},"model_mobile":{},"Extendedfield1":"","Extendedfield2":"","Extendedfield3":"","Extendedfield4":""},
{"order":"67","subid":"{{st5}}_1","dirtype":"","filetype":"view.html","filename":"word.html","fileparams":"","playtime":"0","playparams":"","playhint":"","synchro":"","model_pc":{"htmlmodel":"templet_common","jsparam":[{"classname":"content","source":"content","code_id":"ask1"}]},"model_mobile":{"htmlmodel":"templet_common","jsparam":[{"classname":"content","source":"content","code_id":"ask1"}]},"Extendedfield1":"","Extendedfield2":"","Extendedfield3":"","Extendedfield4":""},
{"order":"68","subid":"{{st5}}_1","dirtype":"content","filetype":"file.audio","filename":"ques1askaudio.mp3","fileparams":"","playtime":"0","playparams":"","playhint":"第1小题...","synchro":"","model_pc":{},"model_mobile":{},"Extendedfield1":"","Extendedfield2":"","Extendedfield3":"","Extendedfield4":""},
{"order":"69","subid":"{{st5}}_1","dirtype":"content","filetype":"file.audio","filename":"ques1askaudio.mp3","fileparams":"","playtime":"0","playparams":"","playhint":"第1小题...","synchro":"","model_pc":{},"model_mobile":{},"Extendedfield1":"","Extendedfield2":"","Extendedfield3":"","Extendedfield4":""},
{"order":"70","subid":"{{st5}}_1","dirtype":"templet","filetype":"file.audio","filename":"start.mp3","fileparams":"","playtime":"0","playparams":"","playhint":"提示音","synchro":"","model_pc":{},"model_mobile":{},"Extendedfield1":"","Extendedfield2":"","Extendedfield3":"","Extendedfield4":""},
{"order":"71","subid":"{{st5}}_1","dirtype":"","filetype":"action.record","filename":"{{st5}}_1","fileparams":"","playtime":"8","playparams":"","playhint":"开始录音","synchro":"","model_pc":{},"model_mobile":{},"Extendedfield1":"","Extendedfield2":"","Extendedfield3":"","Extendedfield4":""},
{"order":"72","subid":"{{st5}}_1","dirtype":"templet","filetype":"file.audio","filename":"stop.mp3","fileparams":"","playtime":"0","playparams":"","playhint":"停止录音","synchro":"","model_pc":{},"model_mobile":{},"Extendedfield1":"","Extendedfield2":"","Extendedfield3":"","Extendedfield4":""},
{"order":"73","subid":"{{st5}}_2","dirtype":"","filetype":"view.html","filename":"word.html","fileparams":"","playtime":"0","playparams":"","playhint":"","synchro":"","model_pc":{"htmlmodel":"templet_common","jsparam":[{"classname":"content","source":"content","code_id":"ask2"}]},"model_mobile":{"htmlmodel":"templet_common","jsparam":[{"classname":"content","source":"content","code_id":"ask2"}]},"Extendedfield1":"","Extendedfield2":"","Extendedfield3":"","Extendedfield4":""},
{"order":"74","subid":"{{st5}}_2","dirtype":"content","filetype":"file.audio","filename":"ques2askaudio.mp3","fileparams":"","playtime":"0","playparams":"","playhint":"第2小题...","synchro":"","model_pc":{},"model_mobile":{},"Extendedfield1":"","Extendedfield2":"","Extendedfield3":"","Extendedfield4":""},
{"order":"75","subid":"{{st5}}_2","dirtype":"content","filetype":"file.audio","filename":"ques2askaudio.mp3","fileparams":"","playtime":"0","playparams":"","playhint":"第2小题...","synchro":"","model_pc":{},"model_mobile":{},"Extendedfield1":"","Extendedfield2":"","Extendedfield3":"","Extendedfield4":""},
{"order":"76","subid":"{{st5}}_2","dirtype":"templet","filetype":"file.audio","filename":"start.mp3","fileparams":"","playtime":"0","playparams":"","playhint":"提示音","synchro":"","model_pc":{},"model_mobile":{},"Extendedfield1":"","Extendedfield2":"","Extendedfield3":"","Extendedfield4":""},
{"order":"77","subid":"{{st5}}_2","dirtype":"","filetype":"action.record","filename":"{{st5}}_2","fileparams":"","playtime":"8","playparams":"","playhint":"开始录音","synchro":"","model_pc":{},"model_mobile":{},"Extendedfield1":"","Extendedfield2":"","Extendedfield3":"","Extendedfield4":""},
{"order":"78","subid":"{{st5}}_2","dirtype":"templet","filetype":"file.audio","filename":"stop.mp3","fileparams":"","playtime":"0","playparams":"","playhint":"停止录音","synchro":"","model_pc":{},"model_mobile":{},"Extendedfield1":"","Extendedfield2":"","Extendedfield3":"","Extendedfield4":""},
{"order":"79","subid":"{{st5}}_3","dirtype":"","filetype":"view.html","filename":"word.html","fileparams":"","playtime":"0","playparams":"","playhint":"","synchro":"","model_pc":{"htmlmodel":"templet_common","jsparam":[{"classname":"content","source":"content","code_id":"ask3"}]},"model_mobile":{"htmlmodel":"templet_common","jsparam":[{"classname":"content","source":"content","code_id":"ask3"}]},"Extendedfield1":"","Extendedfield2":"","Extendedfield3":"","Extendedfield4":""},
{"order":"80","subid":"{{st5}}_3","dirtype":"content","filetype":"file.audio","filename":"ques3askaudio.mp3","fileparams":"","playtime":"0","playparams":"","playhint":"第3小题...","synchro":"","model_pc":{},"model_mobile":{},"Extendedfield1":"","Extendedfield2":"","Extendedfield3":"","Extendedfield4":""},
{"order":"81","subid":"{{st5}}_3","dirtype":"content","filetype":"file.audio","filename":"ques3askaudio.mp3","fileparams":"","playtime":"0","playparams":"","playhint":"第3小题...","synchro":"","model_pc":{},"model_mobile":{},"Extendedfield1":"","Extendedfield2":"","Extendedfield3":"","Extendedfield4":""},
{"order":"82","subid":"{{st5}}_3","dirtype":"templet","filetype":"file.audio","filename":"start.mp3","fileparams":"","playtime":"0","playparams":"","playhint":"提示音","synchro":"","model_pc":{},"model_mobile":{},"Extendedfield1":"","Extendedfield2":"","Extendedfield3":"","Extendedfield4":""},
{"order":"83","subid":"{{st5}}_3","dirtype":"","filetype":"action.record","filename":"{{st5}}_3","fileparams":"","playtime":"8","playparams":"","playhint":"开始录音","synchro":"","model_pc":{},"model_mobile":{},"Extendedfield1":"","Extendedfield2":"","Extendedfield3":"","Extendedfield4":""},
{"order":"84","subid":"{{st5}}_3","dirtype":"templet","filetype":"file.audio","filename":"stop.mp3","fileparams":"","playtime":"0","playparams":"","playhint":"停止录音","synchro":"","model_pc":{},"model_mobile":{},"Extendedfield1":"","Extendedfield2":"","Extendedfield3":"","Extendedfield4":""},
{"order":"85","subid":"{{st5}}_4","dirtype":"","filetype":"view.html","filename":"word.html","fileparams":"","playtime":"0","playparams":"","playhint":"","synchro":"","model_pc":{"htmlmodel":"templet_common","jsparam":[{"classname":"content","source":"content","code_id":"ask4"}]},"model_mobile":{"htmlmodel":"templet_common","jsparam":[{"classname":"content","source":"content","code_id":"ask4"}]},"Extendedfield1":"","Extendedfield2":"","Extendedfield3":"","Extendedfield4":""},
{"order":"86","subid":"{{st5}}_4","dirtype":"content","filetype":"file.audio","filename":"ques4askaudio.mp3","fileparams":"","playtime":"0","playparams":"","playhint":"第4小题...","synchro":"","model_pc":{},"model_mobile":{},"Extendedfield1":"","Extendedfield2":"","Extendedfield3":"","Extendedfield4":""},
{"order":"87","subid":"{{st5}}_4","dirtype":"content","filetype":"file.audio","filename":"ques4askaudio.mp3","fileparams":"","playtime":"0","playparams":"","playhint":"第4小题...","synchro":"","model_pc":{},"model_mobile":{},"Extendedfield1":"","Extendedfield2":"","Extendedfield3":"","Extendedfield4":""},
{"order":"88","subid":"{{st5}}_4","dirtype":"templet","filetype":"file.audio","filename":"start.mp3","fileparams":"","playtime":"0","playparams":"","playhint":"提示音","synchro":"","model_pc":{},"model_mobile":{},"Extendedfield1":"","Extendedfield2":"","Extendedfield3":"","Extendedfield4":""},
{"order":"89","subid":"{{st5}}_4","dirtype":"","filetype":"action.record","filename":"{{st5}}_4","fileparams":"","playtime":"8","playparams":"","playhint":"开始录音","synchro":"","model_pc":{},"model_mobile":{},"Extendedfield1":"","Extendedfield2":"","Extendedfield3":"","Extendedfield4":""},
{"order":"90","subid":"{{st5}}_4","dirtype":"templet","filetype":"file.audio","filename":"stop.mp3","fileparams":"","playtime":"0","playparams":"","playhint":"停止录音","synchro":"","model_pc":{},"model_mobile":{},"Extendedfield1":"","Extendedfield2":"","Extendedfield3":"","Extendedfield4":""},
{"order":"91","subid":"{{st6}}_1","dirtype":"","filetype":"view.html","filename":"word0.html","fileparams":"","playtime":"0","playparams":"","playhint":"","synchro":"","model_pc":{"htmlmodel":"templet_common","jsparam":[{"classname":"title","source":"templet","code_id":"des655_1"},{"classname":"subtitle","source":"templet","code_id":"des655_2"},{"classname":"hint","source":"content","code_id":"analy"},{"classname":"content_img","source":"content","code_id":"pic1"}]},"model_mobile":{"htmlmodel":"templet_common","jsparam":[{"classname":"title","source":"templet","code_id":"des655_1"},{"classname":"subtitle","source":"templet","code_id":"des655_2"},{"classname":"hint","source":"content","code_id":"analy"},{"classname":"content_img","source":"content","code_id":"pic1"}]},"Extendedfield1":"","Extendedfield2":"","Extendedfield3":"","Extendedfield4":""},
{"order":"92","subid":"{{st6}}_1","dirtype":"templet","filetype":"file.audio","filename":"3_1_front.mp3","fileparams":"","playtime":"0","playparams":"","playhint":"题目说明","synchro":"","model_pc":{},"model_mobile":{},"Extendedfield1":"","Extendedfield2":"","Extendedfield3":"","Extendedfield4":""},
{"order":"93","subid":"{{st6}}_1","dirtype":"templet","filetype":"file.audio","filename":"3_1_front_1.mp3","fileparams":"","playtime":"0","playparams":"","playhint":"题目说明","synchro":"","model_pc":{},"model_mobile":{},"Extendedfield1":"","Extendedfield2":"","Extendedfield3":"","Extendedfield4":""},
{"order":"94","subid":"{{st6}}_1","dirtype":"content","filetype":"file.audio","filename":"content_2.mp3","fileparams":"","playtime":"0","playparams":"","playhint":"题目说明","synchro":"","model_pc":{},"model_mobile":{},"Extendedfield1":"","Extendedfield2":"","Extendedfield3":"","Extendedfield4":""},
{"order":"96","subid":"{{st6}}_1","dirtype":"","filetype":"wait","filename":"","fileparams":"","playtime":"15","playparams":"","playhint":"阅题","synchro":"","model_pc":{},"model_mobile":{},"Extendedfield1":"","Extendedfield2":"","Extendedfield3":"","Extendedfield4":""},
{"order":"97","subid":"{{st6}}_1","dirtype":"content","filetype":"file.audio","filename":"content.mp3","fileparams":"","playtime":"0","playparams":"","playhint":"播放录音","synchro":"","model_pc":{},"model_mobile":{},"Extendedfield1":"","Extendedfield2":"","Extendedfield3":"","Extendedfield4":""},
{"order":"98","subid":"{{st6}}_1","dirtype":"content","filetype":"file.audio","filename":"content.mp3","fileparams":"","playtime":"0","playparams":"","playhint":"播放录音","synchro":"","model_pc":{},"model_mobile":{},"Extendedfield1":"","Extendedfield2":"","Extendedfield3":"","Extendedfield4":""},
{"order":"99","subid":"{{st6}}_1","dirtype":"","filetype":"view.html","filename":"word.html","fileparams":"","playtime":"0","playparams":"","playhint":"","synchro":"","model_pc":{"htmlmodel":"templet_common","jsparam":[{"classname":"title","source":"templet","code_id":"des655_1"},{"classname":"subtitle","source":"templet","code_id":"des655_2"},{"classname":"hint","source":"content","code_id":"analy2"},{"classname":"content_img","source":"content","code_id":"pic1"}]},"model_mobile":{"htmlmodel":"templet_common","jsparam":[{"classname":"title","source":"templet","code_id":"des655_1"},{"classname":"subtitle","source":"templet","code_id":"des655_2"},{"classname":"hint","source":"content","code_id":"analy2"},{"classname":"content_img","source":"content","code_id":"pic1"}]},"Extendedfield1":"","Extendedfield2":"","Extendedfield3":"","Extendedfield4":""},
{"order":"100","subid":"{{st6}}_1","dirtype":"templet","filetype":"file.audio","filename":"3_1_front_3.mp3","fileparams":"","playtime":"0","playparams":"","playhint":"提示音","synchro":"","model_pc":{},"model_mobile":{},"Extendedfield1":"","Extendedfield2":"","Extendedfield3":"","Extendedfield4":""},
{"order":"101","subid":"{{st6}}_1","dirtype":"","filetype":"wait","filename":"","fileparams":"","playtime":"50","playparams":"","playhint":"准备回答","synchro":"","model_pc":{},"model_mobile":{},"Extendedfield1":"","Extendedfield2":"","Extendedfield3":"","Extendedfield4":""},
{"order":"102","subid":"{{st6}}_1","dirtype":"templet","filetype":"file.audio","filename":"start.mp3","fileparams":"","playtime":"0","playparams":"","playhint":"提示音","synchro":"","model_pc":{},"model_mobile":{},"Extendedfield1":"","Extendedfield2":"","Extendedfield3":"","Extendedfield4":""},
{"order":"103","subid":"{{st6}}_1","dirtype":"","filetype":"action.record","filename":"{{st6}}","fileparams":"","playtime":"60","playparams":"","playhint":"开始录音...","synchro":"","model_pc":{},"model_mobile":{},"Extendedfield1":"","Extendedfield2":"","Extendedfield3":"","Extendedfield4":""},
{"order":"104","subid":"{{st6}}_1","dirtype":"templet","filetype":"file.audio","filename":"stop.mp3","fileparams":"","playtime":"0","playparams":"","playhint":"停止录音","synchro":"","model_pc":{},"model_mobile":{},"Extendedfield1":"","Extendedfield2":"","Extendedfield3":"","Extendedfield4":""},
{"order":"105","subid":"{{st7}}_0","dirtype":"","filetype":"view.html","filename":"word1.html","fileparams":"","playtime":"0","playparams":"","playhint":"","synchro":"","model_pc":{"htmlmodel":"templet_common","jsparam":[{"classname":"title","source":"templet","code_id":"des655_1"},{"classname":"subtitle","source":"templet","code_id":"des656_1"},{"classname":"hint","source":"content","code_id":"value"},{"classname":"content","source":"content","code_id":"askall"}]},"model_mobile":{"htmlmodel":"templet_common","jsparam":[{"classname":"title","source":"templet","code_id":"des655_1"},{"classname":"subtitle","source":"templet","code_id":"des656_1"},{"classname":"hint","source":"content","code_id":"value"},{"classname":"content","source":"content","code_id":"askall"}]},"Extendedfield1":"","Extendedfield2":"","Extendedfield3":"","Extendedfield4":""},
{"order":"106","subid":"{{st7}}_0","dirtype":"templet","filetype":"file.audio","filename":"3_2_desc.mp3","fileparams":"","playtime":"0","playparams":"","playhint":"题目说明","synchro":"","model_pc":{},"model_mobile":{},"Extendedfield1":"","Extendedfield2":"","Extendedfield3":"","Extendedfield4":""},
{"order":"107","subid":"{{st7}}_0","dirtype":"content","filetype":"file.audio","filename":"content.mp3","fileparams":"","playtime":"0","playparams":"","playhint":"题目说明","synchro":"","model_pc":{},"model_mobile":{},"Extendedfield1":"","Extendedfield2":"","Extendedfield3":"","Extendedfield4":""},
{"order":"108","subid":"{{st7}}_1","dirtype":"","filetype":"view.html","filename":"word.html","fileparams":"","playtime":"0","playparams":"","playhint":"","synchro":"","model_pc":{"htmlmodel":"templet_common","jsparam":[{"classname":"title","source":"templet","code_id":"des655_1"},{"classname":"subtitle","source":"templet","code_id":"des656_1"},{"classname":"content","source":"content","code_id":"ask1"}]},"model_mobile":{"htmlmodel":"templet_common","jsparam":[{"classname":"title","source":"templet","code_id":"des655_1"},{"classname":"subtitle","source":"templet","code_id":"des656_1"},{"classname":"content","source":"content","code_id":"ask1"}]},"Extendedfield1":"","Extendedfield2":"","Extendedfield3":"","Extendedfield4":""},
{"order":"109","subid":"{{st7}}_1","dirtype":"","filetype":"wait","filename":"","fileparams":"","playtime":"15","playparams":"","playhint":"准备回答","synchro":"","model_pc":{},"model_mobile":{},"Extendedfield1":"","Extendedfield2":"","Extendedfield3":"","Extendedfield4":""},
{"order":"110","subid":"{{st7}}_1","dirtype":"templet","filetype":"file.audio","filename":"start.mp3","fileparams":"","playtime":"0","playparams":"","playhint":"提示音","synchro":"","model_pc":{},"model_mobile":{},"Extendedfield1":"","Extendedfield2":"","Extendedfield3":"","Extendedfield4":""},
{"order":"111","subid":"{{st7}}_1","dirtype":"","filetype":"action.record","filename":"{{st7}}_1","fileparams":"","playtime":"8","playparams":"","playhint":"开始录音","synchro":"","model_pc":{},"model_mobile":{},"Extendedfield1":"","Extendedfield2":"","Extendedfield3":"","Extendedfield4":""},
{"order":"112","subid":"{{st7}}_1","dirtype":"templet","filetype":"file.audio","filename":"stop.mp3","fileparams":"","playtime":"0","playparams":"","playhint":"停止录音","synchro":"","model_pc":{},"model_mobile":{},"Extendedfield1":"","Extendedfield2":"","Extendedfield3":"","Extendedfield4":""},
{"order":"113","subid":"{{st7}}_2","dirtype":"","filetype":"view.html","filename":"word.html","fileparams":"","playtime":"0","playparams":"","playhint":"","synchro":"","model_pc":{"htmlmodel":"templet_common","jsparam":[{"classname":"title","source":"templet","code_id":"des655_1"},{"classname":"subtitle","source":"templet","code_id":"des656_1"},{"classname":"content","source":"content","code_id":"ask2"}]},"model_mobile":{"htmlmodel":"templet_common","jsparam":[{"classname":"title","source":"templet","code_id":"des655_1"},{"classname":"subtitle","source":"templet","code_id":"des656_1"},{"classname":"content","source":"content","code_id":"ask2"}]},"Extendedfield1":"","Extendedfield2":"","Extendedfield3":"","Extendedfield4":""},
{"order":"114","subid":"{{st7}}_2","dirtype":"","filetype":"wait","filename":"","fileparams":"","playtime":"15","playparams":"","playhint":"准备回答","synchro":"","model_pc":{},"model_mobile":{},"Extendedfield1":"","Extendedfield2":"","Extendedfield3":"","Extendedfield4":""},
{"order":"115","subid":"{{st7}}_2","dirtype":"templet","filetype":"file.audio","filename":"start.mp3","fileparams":"","playtime":"0","playparams":"","playhint":"提示音","synchro":"","model_pc":{},"model_mobile":{},"Extendedfield1":"","Extendedfield2":"","Extendedfield3":"","Extendedfield4":""},
{"order":"116","subid":"{{st7}}_2","dirtype":"","filetype":"action.record","filename":"{{st7}}_2","fileparams":"","playtime":"8","playparams":"","playhint":"开始录音","synchro":"","model_pc":{},"model_mobile":{},"Extendedfield1":"","Extendedfield2":"","Extendedfield3":"","Extendedfield4":""},
{"order":"117","subid":"{{st7}}_2","dirtype":"templet","filetype":"file.audio","filename":"stop.mp3","fileparams":"","playtime":"0","playparams":"","playhint":"停止录音","synchro":"","model_pc":{},"model_mobile":{},"Extendedfield1":"","Extendedfield2":"","Extendedfield3":"","Extendedfield4":""}]