[{"code_id":"des77_1","code_value":"一、模仿朗读（共6分）","code_class":"","code_type":"txt"},{"code_id":"des77_2","code_value":"听下面短文一遍，给你50秒钟的时间准备，然后模仿朗读。当听到“开始录音”的信号后，立即在60秒钟内朗读短文，当听到要求“停止录音”的信号时，应立即终止朗读。 ","code_class":"","code_type":"txt"},{"code_id":"des77_3","code_value":"下面你有50秒钟的时间准备。 ","code_class":"","code_type":"txt"},{"code_id":"des78_1","code_value":"二、信息获取（15分）","code_class":"","code_type":"txt"},{"code_id":"des78_2","code_value":"第一节 听选信息（1.5×6=9）","code_class":"","code_type":"txt"},{"code_id":"des78_3","code_value":" 听三段对话，每段播放两遍。各段播放前你有10秒钟的阅题时间。各段播放后有两个问题。请根据所听到的问题和括号内的提示，选择正确的信息在8秒钟内口头回答每一个问题。 ","code_class":"","code_type":"txt"},{"code_id":"des78_4","code_value":"听下面一段对话，回答第1-2两个问题。现在你有10秒钟的阅题时间。 ","code_class":"","code_type":"txt"},{"code_id":"des78_5","code_value":"听下面一段对话，回答第3-4两个问题。现在你有10秒钟的阅题时间。 ","code_class":"","code_type":"txt"},{"code_id":"des78_6","code_value":"听下面一段对话，回答第5-6两个问题。现在你有10秒钟的阅题时间。 ","code_class":"","code_type":"txt"},{"code_id":"des79_1","code_value":"第二节 回答问题（1.5×4=6）","code_class":"","code_type":"txt"},{"code_id":"des79_2","code_value":"听下面一段独白，录音播放两遍。请根据所听内容回答第7-10四个问题。当听到“开始录音”的信号后，请在8秒钟内口头回答每一个问题。 ","code_class":"","code_type":"txt"},{"code_id":"des79_3","code_value":"现在你有15秒钟的时间阅读这四个问题。  ","code_class":"","code_type":"txt"},{"code_id":"des655_1","code_value":"三、信息转述及询问 （9分）","code_class":"","code_type":"txt"},{"code_id":"des655_2","code_value":"第一节 信息转述 （6分） ","code_class":"","code_type":"txt"},{"code_id":"des655_3","code_value":"现在你有15秒钟的时间阅读要点提示。","code_class":"","code_type":"txt"},{"code_id":"des655_4","code_value":"现在你有50秒钟的时间准备。 ","code_class":"","code_type":"txt"},{"code_id":"des656_1","code_value":"第二节 询问信息 （3分）","code_class":"","code_type":"txt"}]