{"set_score":"30","set_intro":"","exam_type_list":[{"exam_type_order":"1","exam_type_name":"模仿朗读","exam_type_intro":"","exam_type_collect":"collector.read","exam_type_score":"6","exam_type_count":"1","exam_list":[{"exam_order":"1","exam_id":"{{st1}}","exam_info":[],"exam_score":"6","exam_count":"1","question_list":[{"question_order":"1","question_count":"1","question_score":"6","evaluation_type":"read_chapter","engine_area":"","engine_type":"study"}]}]},{"exam_type_order":"2","exam_type_name":"听选信息1","exam_type_intro":"","exam_type_collect":"collector.role","exam_type_score":"3","exam_type_count":"2","exam_list":[{"exam_order":"1","exam_id":"{{st2}}","exam_info":[{"id":"ets_th1","value":"1."},{"id":"ets_th2","value":"2."}],"exam_score":"3","exam_count":"2","question_list":[{"question_order":"1","question_count":"1","question_score":"1.5","evaluation_type":"simple_expression_ufi","engine_area":"guangdong_zk","engine_type":"Simulation"},{"question_order":"2","question_count":"1","question_score":"1.5","evaluation_type":"simple_expression_ufi","engine_area":"guangdong_zk","engine_type":"Simulation"}]}]},{"exam_type_order":"3","exam_type_name":"听选信息2","exam_type_intro":"","exam_type_collect":"collector.role","exam_type_score":"3","exam_type_count":"2","exam_list":[{"exam_order":"1","exam_id":"{{st3}}","exam_info":[{"id":"ets_th1","value":"3."},{"id":"ets_th2","value":"4."}],"exam_score":"3","exam_count":"2","question_list":[{"question_order":"1","question_count":"1","question_score":"1.5","evaluation_type":"simple_expression_ufi","engine_area":"guangdong_zk","engine_type":"Simulation"},{"question_order":"2","question_count":"1","question_score":"1.5","evaluation_type":"simple_expression_ufi","engine_area":"guangdong_zk","engine_type":"Simulation"}]}]},{"exam_type_order":"4","exam_type_name":"听选信息3","exam_type_intro":"","exam_type_collect":"collector.role","exam_type_score":"3","exam_type_count":"2","exam_list":[{"exam_order":"1","exam_id":"{{st4}}","exam_info":[{"id":"ets_th1","value":"5."},{"id":"ets_th2","value":"6."}],"exam_score":"3","exam_count":"2","question_list":[{"question_order":"1","question_count":"1","question_score":"1.5","evaluation_type":"simple_expression_ufi","engine_area":"guangdong_zk","engine_type":"Simulation"},{"question_order":"2","question_count":"1","question_score":"1.5","evaluation_type":"simple_expression_ufi","engine_area":"guangdong_zk","engine_type":"Simulation"}]}]},{"exam_type_order":"5","exam_type_name":"回答问题","exam_type_intro":"","exam_type_collect":"collector.role","exam_type_score":"6","exam_type_count":"4","exam_list":[{"exam_order":"1","exam_id":"{{st5}}","exam_info":[{"id":"ets_th1","value":"7."},{"id":"ets_th2","value":"8."},{"id":"ets_th3","value":"9."},{"id":"ets_th4","value":"10."}],"exam_score":"6","exam_count":"4","question_list":[{"question_order":"1","question_count":"1","question_score":"1.5","evaluation_type":"simple_expression_ufk","engine_area":"guangdong_zk","engine_type":"Simulation"},{"question_order":"2","question_count":"1","question_score":"1.5","evaluation_type":"simple_expression_ufk","engine_area":"guangdong_zk","engine_type":"Simulation"},{"question_order":"3","question_count":"1","question_score":"1.5","evaluation_type":"simple_expression_ufk","engine_area":"guangdong_zk","engine_type":"Simulation"},{"question_order":"4","question_count":"1","question_score":"1.5","evaluation_type":"simple_expression_ufk","engine_area":"guangdong_zk","engine_type":"Simulation"}]}]},{"exam_type_order":"6","exam_type_name":"信息转述","exam_type_intro":"","exam_type_collect":"collector.picture","exam_type_score":"6","exam_type_count":"1","exam_list":[{"exam_order":"1","exam_id":"{{st6}}","exam_info":[],"exam_score":"6","exam_count":"1","question_list":[{"question_order":"1","question_count":"1","question_score":"6","evaluation_type":"topic","engine_area":"guangdong_zk","engine_type":"Simulation"}]}]},{"exam_type_order":"7","exam_type_name":"询问信息","exam_type_intro":"","exam_type_collect":"collector.role","exam_type_score":"3","exam_type_count":"2","exam_list":[{"exam_order":"1","exam_id":"{{st7}}","exam_info":[{"id":"ets_th1","value":"1."},{"id":"ets_th2","value":"2."}],"exam_score":"3","exam_count":"2","question_list":[{"question_order":"1","question_count":"1","question_score":"1.5","evaluation_type":"simple_expression_ufj","engine_area":"guangdong_zk","engine_type":"Simulation"},{"question_order":"2","question_count":"1","question_score":"1.5","evaluation_type":"simple_expression_ufj","engine_area":"guangdong_zk","engine_type":"Simulation"}]}]}]}